<?xml version="1.0" encoding="UTF-8"?>
<channel><item><title><![CDATA[Sidebar]]></title><slug>sidebar</slug><value><![CDATA[&lt;p&gt;V případě dotazů nás neváhejte kontaktovat:&lt;/p&gt;
&lt;p&gt;mail: &lt;a href=\&quot;mailto:info@grapemedia.cz\&quot;&gt;info@grapemedia.cz&lt;/a&gt;&lt;br /&gt;
	tel.: +420 212 240 966&lt;br /&gt;
	&lt;a href=\&quot;http://www.grapemedia.cz\&quot;&gt;http://www.grapemedia.cz&lt;/a&gt;&lt;/p&gt;]]></value></item><item><title><![CDATA[Tagline]]></title><slug>tagline</slug><value><![CDATA[VYTVÁŘÍME NEOTŘELÉ A UNIKÁTNÍ PRODUKTY]]></value></item></channel>
