<?xml version="1.0"?>
<channel><item><pubDate><![CDATA[Thu, 22 Jan 2015 16:52:42 +0100]]></pubDate><title><![CDATA[grape*media]]></title><url><![CDATA[index]]></url><meta><![CDATA[]]></meta><metad><![CDATA[]]></metad><menu><![CDATA[Novinky]]></menu><menuOrder><![CDATA[1]]></menuOrder><menuStatus><![CDATA[]]></menuStatus><template><![CDATA[template-homepage.php]]></template><parent><![CDATA[]]></parent><private><![CDATA[]]></private><author><![CDATA[admin]]></author><slug><![CDATA[index]]></slug><filename><![CDATA[index.xml]]></filename></item><item><pubDate><![CDATA[Thu, 22 Jan 2015 16:35:19 +0100]]></pubDate><title><![CDATA[Preroll]]></title><url><![CDATA[preroll]]></url><meta><![CDATA[]]></meta><metad><![CDATA[]]></metad><menu><![CDATA[Preroll]]></menu><menuOrder><![CDATA[4]]></menuOrder><menuStatus><![CDATA[Y]]></menuStatus><template><![CDATA[template.php]]></template><parent><![CDATA[]]></parent><private><![CDATA[]]></private><author><![CDATA[admin]]></author><slug><![CDATA[preroll]]></slug><filename><![CDATA[preroll.xml]]></filename></item><item><pubDate><![CDATA[Thu, 22 Jan 2015 16:14:01 +0100]]></pubDate><title><![CDATA[Adplan - Detailní popis aplikace]]></title><url><![CDATA[adplan-detailni-popis-aplikace]]></url><meta><![CDATA[]]></meta><metad><![CDATA[]]></metad><menu><![CDATA[Adplan - Detailní popis aplikace]]></menu><menuOrder><![CDATA[0]]></menuOrder><menuStatus><![CDATA[]]></menuStatus><template><![CDATA[template.php]]></template><parent><![CDATA[adplan]]></parent><private><![CDATA[]]></private><author><![CDATA[admin]]></author><slug><![CDATA[adplan-detailni-popis-aplikace]]></slug><filename><![CDATA[adplan-detailni-popis-aplikace.xml]]></filename></item><item><pubDate><![CDATA[Thu, 22 Jan 2015 16:30:28 +0100]]></pubDate><title><![CDATA[VideoAd]]></title><url><![CDATA[videoad]]></url><meta><![CDATA[]]></meta><metad><![CDATA[]]></metad><menu><![CDATA[VideoAd]]></menu><menuOrder><![CDATA[5]]></menuOrder><menuStatus><![CDATA[Y]]></menuStatus><template><![CDATA[template.php]]></template><parent><![CDATA[]]></parent><private><![CDATA[]]></private><author><![CDATA[admin]]></author><slug><![CDATA[videoad]]></slug><filename><![CDATA[videoad.xml]]></filename></item><item><pubDate><![CDATA[Thu, 22 Jan 2015 16:23:43 +0100]]></pubDate><title><![CDATA[Adplan]]></title><url><![CDATA[adplan]]></url><meta><![CDATA[]]></meta><metad><![CDATA[]]></metad><menu><![CDATA[Ad*plan]]></menu><menuOrder><![CDATA[2]]></menuOrder><menuStatus><![CDATA[Y]]></menuStatus><template><![CDATA[template.php]]></template><parent><![CDATA[]]></parent><private><![CDATA[]]></private><author><![CDATA[admin]]></author><slug><![CDATA[adplan]]></slug><filename><![CDATA[adplan.xml]]></filename></item><item><pubDate><![CDATA[Thu, 22 Jan 2015 16:49:41 +0100]]></pubDate><title><![CDATA[Optimalizace služeb Google AdSense]]></title><url><![CDATA[google-adsense]]></url><meta><![CDATA[]]></meta><metad><![CDATA[]]></metad><menu><![CDATA[Google Adsense]]></menu><menuOrder><![CDATA[3]]></menuOrder><menuStatus><![CDATA[Y]]></menuStatus><template><![CDATA[template.php]]></template><parent><![CDATA[]]></parent><private><![CDATA[]]></private><author><![CDATA[admin]]></author><slug><![CDATA[google-adsense]]></slug><filename><![CDATA[google-adsense.xml]]></filename></item><item><pubDate><![CDATA[Thu, 22 Jan 2015 16:20:51 +0100]]></pubDate><title><![CDATA[Adplan - prezentace]]></title><url><![CDATA[adplan-prezentace]]></url><meta><![CDATA[]]></meta><metad><![CDATA[]]></metad><menu><![CDATA[Adplan - prezentace]]></menu><menuOrder><![CDATA[0]]></menuOrder><menuStatus><![CDATA[]]></menuStatus><template><![CDATA[template.php]]></template><parent><![CDATA[adplan]]></parent><private><![CDATA[]]></private><author><![CDATA[admin]]></author><slug><![CDATA[adplan-prezentace]]></slug><filename><![CDATA[adplan-prezentace.xml]]></filename></item></channel>
