<?xml version="1.0" encoding="UTF-8"?>
<item><pubDate>Thu, 22 Jan 2015 16:20:45 +0100</pubDate><title><![CDATA[Adplan - prezentace]]></title><url><![CDATA[adplan-prezentace]]></url><meta><![CDATA[]]></meta><metad><![CDATA[]]></metad><menu><![CDATA[Adplan - prezentace]]></menu><menuOrder><![CDATA[0]]></menuOrder><menuStatus><![CDATA[]]></menuStatus><template><![CDATA[template.php]]></template><parent><![CDATA[]]></parent><content><![CDATA[&lt;p&gt;&lt;iframe allowfullscreen=\&quot;\&quot; frameborder=\&quot;0\&quot; height=\&quot;485\&quot; marginheight=\&quot;0\&quot; marginwidth=\&quot;0\&quot; scrolling=\&quot;no\&quot; src=\&quot;//www.slideshare.net/slideshow/embed_code/6517322\&quot; style=\&quot;border:1px solid #CCC; border-width:1px; margin-bottom:5px; max-width: 100%;\&quot; width=\&quot;595\&quot;&gt;&lt;/iframe&gt;&lt;/p&gt;
&lt;div style=\&quot;margin-bottom:5px\&quot;&gt;&lt;strong&gt;&lt;a href=\&quot;//www.slideshare.net/zabrodsky/adplan-prezentace\&quot; target=\&quot;_blank\&quot; title=\&quot;Adplan prezentace\&quot;&gt;Adplan prezentace&lt;/a&gt; &lt;/strong&gt; from &lt;strong&gt;&lt;a href=\&quot;//www.slideshare.net/zabrodsky\&quot; target=\&quot;_blank\&quot;&gt;Marek Zabrodsky&lt;/a&gt;&lt;/strong&gt;&lt;/div&gt;
]]></content><private><![CDATA[]]></private><author><![CDATA[admin]]></author></item>
