<?xml version="1.0" encoding="UTF-8"?>
<item><pubDate>Thu, 22 Jan 2015 16:49:39 +0100</pubDate><title><![CDATA[Optimalizace služeb Google AdSense]]></title><url><![CDATA[google-adsense]]></url><meta><![CDATA[]]></meta><metad><![CDATA[]]></metad><menu><![CDATA[Google Adsense]]></menu><menuOrder><![CDATA[3]]></menuOrder><menuStatus><![CDATA[Y]]></menuStatus><template><![CDATA[template.php]]></template><parent><![CDATA[]]></parent><content><![CDATA[&lt;p style=\&quot;text-align: justify;\&quot;&gt;Možnost zvýšení příjmů z reklamy prostřednictvím vlastního obsahu a kontextové a grafické reklamy Google AdSense.&lt;/p&gt;
&lt;p style=\&quot;text-align: justify;\&quot;&gt;Provozovatelům internetových médií nabízíme správu a optimalizaci služeb Google AdSense s cílem efektivně maximalizovat příjmy z reklamy zároveň s nabídkou přitažlivých reklamních možností pro zadavatele reklamních kampaní .&lt;/p&gt;
&lt;p style=\&quot;text-align: justify;\&quot;&gt;&lt;img alt=\&quot;\&quot; src=\&quot;http://www.grapemedia.cz/uploads/images/adsense_logo.png\&quot; style=\&quot;width: 276px; height: 110px;\&quot; /&gt;&lt;/p&gt;
&lt;p style=\&quot;text-align: justify;\&quot;&gt;Naši specialisté absolvovali trénink optimalizace Google AdSense a jsou proškoleni Google AdSense týmem v Dublinu. Dlouholetou praxí a zkušenostmi na poli internetové reklamy a mediálního zastupování internetových médií jsme schopni poskytovat odborné komplexní konzultace v oblasti internetové reklamy, nových médií a plánování. Vnímáme potřeby provozovatelů médií,maximalizujeme příjmy z reklamy, zároveň respektujeme hranice mezi příjmy z reklamy spokojenou základnou návštěvníků internových médií , kteří nejsou nadměrně zatěžování neefektivním a necíleným zobrazováním reklamy vzhledem k obsahu a zaměření média.&lt;/p&gt;
&lt;p style=\&quot;text-align: justify;\&quot;&gt;&lt;strong&gt;Optimalizace, správa, realizace – popis služeb&lt;/strong&gt;&lt;/p&gt;
&lt;ul&gt;
	&lt;li style=\&quot;text-align: justify;\&quot;&gt;- Detailní analýza média pro služby Google AdSense&lt;/li&gt;
	&lt;li style=\&quot;text-align: justify;\&quot;&gt;- Analýza současných výsledků Google AdSense&lt;/li&gt;
	&lt;li style=\&quot;text-align: justify;\&quot;&gt;- Určení vhodných služeb Google AdSense (AFS, AFC, AFV, AFG, Mobile, apod.)&lt;/li&gt;
	&lt;li style=\&quot;text-align: justify;\&quot;&gt;- Připrava plánu optimalizace&lt;/li&gt;
	&lt;li style=\&quot;text-align: justify;\&quot;&gt;- Založení účtu AdSense/Využití stávajícího&lt;/li&gt;
	&lt;li style=\&quot;text-align: justify;\&quot;&gt;- Optimalizace a přizpůsobení reklamních formátů, zvýšení funkčnosti a zisků&lt;/li&gt;
	&lt;li style=\&quot;text-align: justify;\&quot;&gt;- Technická podpora při nasazování reklamních jednotek&lt;/li&gt;
	&lt;li style=\&quot;text-align: justify;\&quot;&gt;- Pravidelná optimalizace a doporučení dle předchozích výsledků&lt;/li&gt;
	&lt;li style=\&quot;text-align: justify;\&quot;&gt;- Doporučení Google Adsense Pravidla&amp;amp;Policy&lt;/li&gt;
	&lt;li style=\&quot;text-align: justify;\&quot;&gt;- Informace o platbách&lt;/li&gt;
	&lt;li style=\&quot;text-align: justify;\&quot;&gt;- Možnost zajištění DoubleClick for Publishers (DFP) Small Business&lt;/li&gt;
	&lt;li style=\&quot;text-align: justify;\&quot;&gt;- Zaměřujeme se především na dlouhodobou optimalizaci středních a větších obsahových médiích. Pro malá média se zájmem o služby Google AdSense jsme schopni zajistit základní startovací poradenství a technické poradenství.&lt;/li&gt;
	&lt;li style=\&quot;text-align: justify;\&quot;&gt;- Kontaktujte nás pro více informací prostřednictvím formuláře nebo kontaktů uvedených výše. Pro vyhodnocení možností optimalizace a určení konkrétního obchodního modelu a přípravy nabídky se s Vámi spojí naši specialisté za účelem získání potřebných informacích o Vašich internetových médiích.&lt;/li&gt;
&lt;/ul&gt;
]]></content><private><![CDATA[]]></private><author><![CDATA[admin]]></author></item>
