<?xml version="1.0" encoding="UTF-8"?>
<item><pubDate>Thu, 22 Jan 2015 16:23:43 +0100</pubDate><title><![CDATA[Adplan]]></title><url><![CDATA[adplan]]></url><meta><![CDATA[]]></meta><metad><![CDATA[]]></metad><menu><![CDATA[Ad*plan]]></menu><menuOrder><![CDATA[2]]></menuOrder><menuStatus><![CDATA[Y]]></menuStatus><template><![CDATA[template.php]]></template><parent><![CDATA[]]></parent><content><![CDATA[&lt;p&gt;Adplan.cz je pokročilý plánovací nástroj určený pro provozovatele internetových stránek. Software umožňuje evidovat, plánovat a efektivně spravovat reklamní prostor, fakturovat, vytvářet reporty, ceníky apod.&lt;br /&gt;
	Zadavatelům internetových kampaní navíc adplan.cz nabízí možnost centrálně plánovat reklamní prostor napříč provozovateli webů.&lt;/p&gt;
&lt;p&gt;&lt;br /&gt;
	Adplan.cz si klade za cíl zjednodušit evidenci reklamních kampaní a nahradit běžný způsob zapisování všech reklamních kampaní do tabulkového programu, při kterém často dochází k nepřesnostem. Adplan.cz je zdarma pro zadavatele inzerce, pro provozovatele a mediazastupitele je Adplan.cz nabízen formou měsíční licence. Cena licence je závislá na počtu provozovaných internetových serverů.&lt;/p&gt;
&lt;p&gt;&lt;img alt=\&quot;\&quot; src=\&quot;http://www.grapemedia.cz/uploads/images/adplan_screenshots.jpg\&quot; style=\&quot;width: 652px; height: 482px;\&quot; /&gt;&lt;/p&gt;
&lt;p&gt;&lt;a href=\&quot;http://grape.dit.cz/blog/index.php?id=adplan-detailni-popis-aplikace\&quot;&gt;Detailní popis aplikace&lt;/a&gt;&lt;/p&gt;
&lt;p&gt;&lt;a href=\&quot;http://grape.dit.cz/blog/index.php?id=adplan-prezentace\&quot;&gt;Prezentace produktu&lt;/a&gt;&lt;/p&gt;
]]></content><private><![CDATA[]]></private><author><![CDATA[admin]]></author></item>
