<?xml version="1.0" encoding="UTF-8"?>
<item><pubDate>Thu, 22 Jan 2015 16:52:42 +0100</pubDate><title><![CDATA[grape*media]]></title><url><![CDATA[index]]></url><meta><![CDATA[]]></meta><metad><![CDATA[]]></metad><menu><![CDATA[Novinky]]></menu><menuOrder><![CDATA[1]]></menuOrder><menuStatus><![CDATA[]]></menuStatus><template><![CDATA[template-homepage.php]]></template><parent><![CDATA[]]></parent><content><![CDATA[&lt;p&gt;Naše produkty a služby:&lt;/p&gt;
&lt;p&gt;&lt;a href=\&quot;http://grape.dit.cz/blog/index.php?id=videoad\&quot;&gt;VideoAd&lt;/a&gt;&lt;/p&gt;
&lt;p&gt;&lt;a href=\&quot;http://grape.dit.cz/blog/index.php?id=adplan\&quot;&gt;Ad*plan&lt;/a&gt;&lt;/p&gt;
&lt;p&gt;&lt;a href=\&quot;http://grape.dit.cz/blog/index.php?id=preroll\&quot;&gt;Preroll.cz&lt;/a&gt;&lt;/p&gt;
&lt;p&gt;&lt;a href=\&quot;http://grape.dit.cz/blog/index.php?id=google-adsense\&quot;&gt;Google Adsense&lt;/a&gt;&lt;/p&gt;
&lt;p&gt;&amp;nbsp;&lt;/p&gt;
]]></content><private><![CDATA[]]></private><author><![CDATA[admin]]></author></item>
