<?xml version="1.0" encoding="UTF-8"?>
<item><pubDate>Thu, 22 Jan 2015 16:35:19 +0100</pubDate><title><![CDATA[Preroll]]></title><url><![CDATA[preroll]]></url><meta><![CDATA[]]></meta><metad><![CDATA[]]></metad><menu><![CDATA[Preroll]]></menu><menuOrder><![CDATA[4]]></menuOrder><menuStatus><![CDATA[Y]]></menuStatus><template><![CDATA[template.php]]></template><parent><![CDATA[]]></parent><content><![CDATA[&lt;p&gt;&lt;img alt=\&quot;\&quot; src=\&quot;http://grape.dit.cz/web/images/g4.jpg\&quot; /&gt;&lt;/p&gt;
&lt;p&gt;Kompletní prezentaci produktu naleznete na &lt;a href=\&quot;http://www.preroll.cz\&quot;&gt;http://www.preroll.cz&lt;/a&gt;&lt;/p&gt;
]]></content><private><![CDATA[]]></private><author><![CDATA[admin]]></author></item>
